date,best dog food,dog allergies,puppy training,dog separation anxiety,hypoallergenic dogs,dog probiotic,dog skin problems,dog anxiety
2026-03-03,59,50,52,52,60,11,0,50
2026-03-04,57,48,64,71,61,13,0,64
2026-03-05,66,62,66,39,50,9,52,62
2026-03-06,59,55,59,43,63,16,0,55
2026-03-07,75,72,67,53,78,17,0,66
2026-03-08,80,76,58,61,62,14,0,65
2026-03-09,62,72,54,69,62,17,0,67
2026-03-10,61,73,53,39,50,18,0,65
2026-03-11,56,76,62,37,60,12,0,70
2026-03-12,62,71,61,55,46,12,0,59
2026-03-13,59,76,61,38,65,14,0,54
2026-03-14,69,86,67,0,70,16,0,61
2026-03-15,69,68,55,66,71,14,0,69
2026-03-16,56,69,65,41,55,16,0,68
2026-03-17,55,53,65,57,52,10,0,53
2026-03-18,58,69,59,46,59,18,0,60
2026-03-19,59,55,55,33,48,17,0,64
2026-03-20,66,64,59,64,50,21,0,74
2026-03-21,78,86,64,68,78,22,0,77
2026-03-22,73,97,71,72,84,26,0,71
2026-03-23,68,80,68,56,52,30,0,74
2026-03-24,57,71,63,76,50,26,0,73
2026-03-25,59,82,75,40,55,25,0,63
2026-03-26,65,73,61,44,76,18,0,56
2026-03-27,68,73,60,54,40,30,0,73
2026-03-28,76,84,88,55,71,48,0,74
2026-03-29,90,92,87,46,100,45,0,71
2026-03-30,69,77,65,46,61,40,0,67
2026-03-31,72,85,74,62,74,49,0,77
2026-04-01,77,78,83,68,66,73,0,78
2026-04-02,85,77,85,40,69,71,0,71
2026-04-03,77,80,80,73,92,73,100,68
2026-04-04,85,83,80,89,99,68,0,77
2026-04-05,90,94,78,52,97,63,0,83
2026-04-06,88,82,83,54,71,69,0,89
2026-04-07,77,71,94,64,53,76,0,82
2026-04-08,84,76,94,62,58,82,0,86
2026-04-09,82,65,85,36,66,78,0,81
2026-04-10,85,76,82,29,64,87,0,79
2026-04-11,90,77,80,56,73,91,0,84
2026-04-12,92,90,84,44,82,83,0,85
2026-04-13,75,68,76,63,65,71,0,71
2026-04-14,79,84,80,45,52,82,0,89
2026-04-15,75,75,82,72,54,85,0,91
2026-04-16,87,84,83,41,71,100,0,79
2026-04-17,100,87,81,67,70,75,51,89
2026-04-18,96,100,92,59,84,78,0,91
2026-04-19,86,83,94,60,96,69,0,80
2026-04-20,73,80,75,68,66,58,0,74
2026-04-21,75,74,81,54,66,67,0,90
2026-04-22,76,76,82,70,56,69,0,86
2026-04-23,73,89,63,58,59,60,0,77
2026-04-24,70,81,68,60,66,51,0,82
2026-04-25,78,89,70,67,90,57,0,75
2026-04-26,95,82,70,100,90,63,0,96
2026-04-27,70,76,68,73,53,42,0,76
2026-04-28,71,82,66,37,61,36,0,80
2026-04-29,70,64,61,49,55,34,0,76
2026-04-30,73,77,57,56,57,39,0,74
2026-05-01,74,88,54,62,69,41,0,74
2026-05-02,82,81,65,72,69,40,0,83
2026-05-03,78,83,67,65,85,29,0,73
2026-05-04,66,68,77,41,50,31,0,64
2026-05-05,71,82,62,51,58,27,0,75
2026-05-06,92,83,68,84,51,41,0,100
2026-05-07,79,79,53,55,60,51,0,86
2026-05-08,78,74,59,56,44,42,0,85
2026-05-09,90,76,66,63,59,46,0,79
2026-05-10,92,88,83,55,89,42,0,85
2026-05-11,74,84,64,73,60,36,0,86
2026-05-12,79,78,74,37,56,21,0,73
2026-05-13,96,85,95,80,66,73,0,89
2026-05-14,91,81,72,47,57,75,0,87
2026-05-15,82,82,87,53,78,79,0,84
2026-05-16,95,92,95,87,95,81,0,82
2026-05-17,95,93,100,55,91,76,0,94
2026-05-18,74,74,96,47,55,61,0,71
2026-05-19,72,79,79,72,65,61,0,80
2026-05-20,37,76,50,46,50,19,15,52
2026-05-21,37,63,50,39,52,22,10,46
2026-05-22,39,62,51,42,55,23,16,51
2026-05-23,48,71,55,43,73,23,14,56
2026-05-24,49,76,59,48,83,23,14,57
2026-05-25,43,69,61,54,77,19,11,57
2026-05-26,40,65,54,45,51,20,14,50
2026-05-27,39,66,55,45,51,22,12,55
2026-05-28,40,65,54,47,52,23,12,49
2026-05-29,41,66,51,44,52,23,10,47
2026-05-30,47,86,58,52,73,22,14,50
2026-05-31,50,75,61,55,78,22,11,60
2026-06-01,44,66,59,51,55,18,14,53
2026-06-02,40,62,50,47,45,14,9,49
2026-06-03,38,72,64,39,57,21,0,45
